lat,lon,CSF_selected,Cost_selected
34.5,-9.5,,inf
34.5,-8.5,,inf
34.5,-7.5,,inf
34.5,-6.5,BAUpN,-51834095666.666664
34.5,-5.5,BAUpN,-19845495666.666668
34.5,-4.5,BAUpRESIDUAL,-79971628000.0
34.5,-3.5,BAUpRESIDUAL,-14033523000.0
34.5,-2.5,BAUpRESIDUAL,-16863294000.0
34.5,-1.5,BAUpN,-18791264000.0
34.5,-0.5,FM5pDIACUT,-15034673333.333334
34.5,0.5,FM5pDIACUT,-4202061900.0
34.5,1.5,BAUpRESIDUAL,-1732596666.6666667
34.5,2.5,BAUpRESIDUAL,-1983399433.3333333
34.5,3.5,BAUppRESIDUAL,-1778811700.0
34.5,4.5,BAUpN,-83524850.0
34.5,5.5,FM5pRESIDUAL,-146034746.66666666
34.5,6.5,FM5pN,-312190173.3333333
34.5,7.5,BAU,0.0
34.5,8.5,BAU,0.0
34.5,9.5,FM5pRESIDUAL,-115508386.66666667
34.5,10.5,,inf
34.5,11.5,,inf
34.5,12.5,,inf
34.5,13.5,,inf
34.5,14.5,,inf
34.5,15.5,,inf
34.5,16.5,,inf
34.5,17.5,,inf
34.5,18.5,,inf
34.5,19.5,,inf
34.5,20.5,,inf
34.5,21.5,,inf
34.5,22.5,,inf
34.5,23.5,,inf
34.5,24.5,,inf
34.5,25.5,,inf
34.5,26.5,,inf
34.5,27.5,,inf
34.5,28.5,,inf
34.5,29.5,,inf
34.5,30.5,,inf
34.5,31.5,,inf
34.5,32.5,,inf
35.5,-9.5,,inf
35.5,-8.5,,inf
35.5,-7.5,,inf
35.5,-6.5,,inf
35.5,-5.5,FM5pDIACUT,-160592490000.0
35.5,-4.5,,inf
35.5,-3.5,,inf
35.5,-2.5,,inf
35.5,-1.5,,inf
35.5,-0.5,BAUpRESIDUAL,-25702615666.666668
35.5,0.5,BAUppRESIDUAL,-10439053433.333334
35.5,1.5,BAUpRESIDUAL,-29193901333.333332
35.5,2.5,BAUpN,-8120651666.666667
35.5,3.5,BAUpN,-1960371433.3333333
35.5,4.5,BAUpRESIDUAL,-2510095866.6666665
35.5,5.5,BAUppRESIDUAL,-8038257166.666667
35.5,6.5,BAUpRESIDUAL,-35743223666.666664
35.5,7.5,FM5nDIACUT,-5534649000.0
35.5,8.5,BAUpN,-22343220000.0
35.5,9.5,BAUpTHININT,-4369996533.333333
35.5,10.5,FM5pN,-374070406.6666667
35.5,11.5,,inf
35.5,12.5,,inf
35.5,13.5,,inf
35.5,14.5,,inf
35.5,15.5,,inf
35.5,16.5,,inf
35.5,17.5,,inf
35.5,18.5,,inf
35.5,19.5,,inf
35.5,20.5,,inf
35.5,21.5,,inf
35.5,22.5,,inf
35.5,23.5,,inf
35.5,24.5,,inf
35.5,25.5,,inf
35.5,26.5,,inf
35.5,27.5,,inf
35.5,28.5,,inf
35.5,29.5,,inf
35.5,30.5,,inf
35.5,31.5,,inf
35.5,32.5,,inf
36.5,-9.5,,inf
36.5,-8.5,,inf
36.5,-7.5,,inf
36.5,-6.5,,inf
36.5,-5.5,BAUpDIACUT,-59275208666.666664
36.5,-4.5,,inf
36.5,-3.5,,inf
36.5,-2.5,,inf
36.5,-1.5,,inf
36.5,-0.5,,inf
36.5,0.5,,inf
36.5,1.5,BAUpTHININT,-86654020000.0
36.5,2.5,BAUpRESIDUAL,-90863615333.33333
36.5,3.5,BAUpN,-103403053333.33333
36.5,4.5,FM5pDIACUT,-187721080000.0
36.5,5.5,FM5pRESIDUAL,-86725863333.33333
36.5,6.5,BAUppRESIDUAL,-66119408333.333336
36.5,7.5,BAUpRESIDUAL,-70962580000.0
36.5,8.5,FM5pN,-101212636666.66667
36.5,9.5,BAUpN,-16312192666.666666
36.5,10.5,BAUpN,-20012584666.666668
36.5,11.5,,inf
36.5,12.5,,inf
36.5,13.5,,inf
36.5,14.5,,inf
36.5,15.5,,inf
36.5,16.5,,inf
36.5,17.5,,inf
36.5,18.5,,inf
36.5,19.5,,inf
36.5,20.5,,inf
36.5,21.5,,inf
36.5,22.5,,inf
36.5,23.5,,inf
36.5,24.5,,inf
36.5,25.5,,inf
36.5,26.5,,inf
36.5,27.5,,inf
36.5,28.5,,inf
36.5,29.5,FM5pDIACUT,-197035543333.33334
36.5,30.5,,inf
36.5,31.5,,inf
36.5,32.5,FM5pDIACUT,-168127816666.66666
37.5,-9.5,,inf
37.5,-8.5,BAUppRESIDUAL,-125576290000.0
37.5,-7.5,BAUpDIACUT,-136306493333.33333
37.5,-6.5,BAUpRESIDUAL,-47206816333.333336
37.5,-5.5,BAUnTHININT,-27309535000.0
37.5,-4.5,BAUpDIACUT,-154874823333.33334
37.5,-3.5,FM5pDIACUT,-168029270000.0
37.5,-2.5,FM5pDIACUT,-94743980333.33333
37.5,-1.5,BAUpRESIDUAL,-31883462000.0
37.5,-0.5,,inf
37.5,0.5,,inf
37.5,1.5,,inf
37.5,2.5,,inf
37.5,3.5,,inf
37.5,4.5,,inf
37.5,5.5,,inf
37.5,6.5,,inf
37.5,7.5,,inf
37.5,8.5,,inf
37.5,9.5,,inf
37.5,10.5,,inf
37.5,11.5,,inf
37.5,12.5,,inf
37.5,13.5,FM5pDIACUT,-59906821333.333336
37.5,14.5,BAUpDIACUT,-59420512666.666664
37.5,15.5,,inf
37.5,16.5,,inf
37.5,17.5,,inf
37.5,18.5,,inf
37.5,19.5,,inf
37.5,20.5,,inf
37.5,21.5,BAUpDIACUT,-137821840000.0
37.5,22.5,FM5pDIACUT,-251199850000.0
37.5,23.5,,inf
37.5,24.5,,inf
37.5,25.5,,inf
37.5,26.5,,inf
37.5,27.5,FM5pDIACUT,-174783410000.0
37.5,28.5,FM5pDIACUT,-201835736666.66666
37.5,29.5,FM5pDIACUT,-94837208333.33333
37.5,30.5,FM5pDIACUT,-132859148333.33333
37.5,31.5,FM5pDIACUT,-121697826666.66667
37.5,32.5,BAUppRESIDUAL,-34669046666.666664
38.5,-9.5,,inf
38.5,-8.5,BAUpDIACUT,-122055690000.0
38.5,-7.5,BAUpN,-78203092333.33333
38.5,-6.5,BAUpN,-81903043333.33333
38.5,-5.5,BAUpRESIDUAL,-60296307666.666664
38.5,-4.5,BAUpDIACUT,-125400266666.66667
38.5,-3.5,FM5pDIACUT,-124738145000.0
38.5,-2.5,FM5pDIACUT,-182770516666.66666
38.5,-1.5,FM5pDIACUT,-38452929000.0
38.5,-0.5,FM5pDIACUT,-81572856666.66667
38.5,0.5,,inf
38.5,1.5,,inf
38.5,2.5,,inf
38.5,3.5,,inf
38.5,4.5,,inf
38.5,5.5,,inf
38.5,6.5,,inf
38.5,7.5,,inf
38.5,8.5,,inf
38.5,9.5,,inf
38.5,10.5,,inf
38.5,11.5,,inf
38.5,12.5,,inf
38.5,13.5,,inf
38.5,14.5,,inf
38.5,15.5,,inf
38.5,16.5,,inf
38.5,17.5,,inf
38.5,18.5,,inf
38.5,19.5,,inf
38.5,20.5,,inf
38.5,21.5,FM5pDIACUT,-219804023333.33334
38.5,22.5,FM5pDIACUT,-231819980000.0
38.5,23.5,FM5pDIACUT,-136829788000.0
38.5,24.5,,inf
38.5,25.5,,inf
38.5,26.5,,inf
38.5,27.5,FM5pDIACUT,-174575600000.0
38.5,28.5,BAUpRESIDUAL,-92094696333.33333
38.5,29.5,FM5pDIACUT,-70029866333.33333
38.5,30.5,BAUpDIACUT,-31223191666.666668
38.5,31.5,FM5pDIACUT,-29306573000.0
38.5,32.5,BAUpRESIDUAL,-3318714666.6666665
39.5,-9.5,,inf
39.5,-8.5,BAUpDIACUT,-209493780000.0
39.5,-7.5,BAUpRESIDUAL,-135352563333.33333
39.5,-6.5,BAUpDIACUT,-86963596666.66667
39.5,-5.5,BAUpDIACUT,-105043800000.0
39.5,-4.5,FM5pDIACUT,-153806626666.66666
39.5,-3.5,FM5pDIACUT,-72703530000.0
39.5,-2.5,FM5pDIACUT,-55583821000.0
39.5,-1.5,FM5pDIACUT,-158677516666.66666
39.5,-0.5,FM5pDIACUT,-209054796666.66666
39.5,0.5,,inf
39.5,1.5,,inf
39.5,2.5,,inf
39.5,3.5,,inf
39.5,4.5,,inf
39.5,5.5,,inf
39.5,6.5,,inf
39.5,7.5,,inf
39.5,8.5,FM5pDIACUT,-111229383333.33333
39.5,9.5,FM5pDIACUT,-148366446666.66666
39.5,10.5,,inf
39.5,11.5,,inf
39.5,12.5,,inf
39.5,13.5,,inf
39.5,14.5,,inf
39.5,15.5,,inf
39.5,16.5,BAUpRESIDUAL,-304584413333.3333
39.5,17.5,,inf
39.5,18.5,,inf
39.5,19.5,,inf
39.5,20.5,FM5pDIACUT,-211656530000.0
39.5,21.5,FM5pRESIDUAL,-207979456666.66666
39.5,22.5,FM5pDIACUT,-108738258333.33333
39.5,23.5,,inf
39.5,24.5,,inf
39.5,25.5,,inf
39.5,26.5,FM5pRESIDUAL,-220460653333.33334
39.5,27.5,FM5pDIACUT,-150371846666.66666
39.5,28.5,FM5pRESIDUAL,-166033503333.33334
39.5,29.5,BAUpRESIDUAL,-160833876666.66666
39.5,30.5,BAUpDIACUT,-58884603333.333336
39.5,31.5,BAUpDIACUT,-15257824333.333334
39.5,32.5,BAUnTHININT,-3989797733.3333335
40.5,-9.5,,inf
40.5,-8.5,BAUpDIACUT,-300973716666.6667
40.5,-7.5,BAUpRESIDUAL,-302700020000.0
40.5,-6.5,BAUpRESIDUAL,-133128154666.66667
40.5,-5.5,BAUpRESIDUAL,-87154010333.33333
40.5,-4.5,FM5pDIACUT,-115707686666.66667
40.5,-3.5,FM5pDIACUT,-56494646666.666664
40.5,-2.5,FM5pDIACUT,-132714554666.66667
40.5,-1.5,FM5pDIACUT,-171253190000.0
40.5,-0.5,FM5pDIACUT,-221884143333.33334
40.5,0.5,FM5pDIACUT,-243694950000.0
40.5,1.5,,inf
40.5,2.5,,inf
40.5,3.5,,inf
40.5,4.5,,inf
40.5,5.5,,inf
40.5,6.5,,inf
40.5,7.5,,inf
40.5,8.5,BAUpRESIDUAL,-70263847666.66667
40.5,9.5,BAUpRESIDUAL,-176564623333.33334
40.5,10.5,,inf
40.5,11.5,,inf
40.5,12.5,,inf
40.5,13.5,,inf
40.5,14.5,,inf
40.5,15.5,FM5pRESIDUAL,-146889976666.66666
40.5,16.5,BAUpDIACUT,-83293055000.0
40.5,17.5,,inf
40.5,18.5,,inf
40.5,19.5,FM5pRESIDUAL,-85944268333.33333
40.5,20.5,BAUpDIACUT,-187941776666.66666
40.5,21.5,BAUpRESIDUAL,-138378560000.0
40.5,22.5,FM5pRESIDUAL,-75746239666.66667
40.5,23.5,BAUpDIACUT,-104691831333.33333
40.5,24.5,,inf
40.5,25.5,,inf
40.5,26.5,FM5ppRESIDUAL,-91258294666.66667
40.5,27.5,BAUpRESIDUAL,-108666001333.33333
40.5,28.5,,inf
40.5,29.5,BAUpN,-262719390000.0
40.5,30.5,FM5pRESIDUAL,-262868266666.66666
40.5,31.5,BAUpRESIDUAL,-170490980000.0
40.5,32.5,FM5pDIACUT,-95911360000.0
41.5,-9.5,,inf
41.5,-8.5,BAUpDIACUT,-255657066666.66666
41.5,-7.5,BAUpTHININT,-307933520000.0
41.5,-6.5,FM5pDIACUT,-183259380000.0
41.5,-5.5,BAUpDIACUT,-16430071333.333334
41.5,-4.5,FM5pDIACUT,-40599730000.0
41.5,-3.5,FM5pDIACUT,-118359323333.33333
41.5,-2.5,FM5pDIACUT,-107746815000.0
41.5,-1.5,FM5pDIACUT,-105335498666.66667
41.5,-0.5,FM5pDIACUT,-30234931000.0
41.5,0.5,FM5pDIACUT,-134581403333.33333
41.5,1.5,BAUpDIACUT,-181442400000.0
41.5,2.5,,inf
41.5,3.5,,inf
41.5,4.5,,inf
41.5,5.5,,inf
41.5,6.5,,inf
41.5,7.5,,inf
41.5,8.5,,inf
41.5,9.5,,inf
41.5,10.5,,inf
41.5,11.5,,inf
41.5,12.5,,inf
41.5,13.5,BAUpDIACUT,-144484340000.0
41.5,14.5,FM5pDIACUT,-110704064666.66667
41.5,15.5,FM5pRESIDUAL,-38456254000.0
41.5,16.5,,inf
41.5,17.5,,inf
41.5,18.5,,inf
41.5,19.5,BAUppRESIDUAL,-205497706666.66666
41.5,20.5,BAUppRESIDUAL,-204103583333.33334
41.5,21.5,BAUpRESIDUAL,-172285636666.66666
41.5,22.5,BAUppRESIDUAL,-183225030000.0
41.5,23.5,FM5pDIACUT,-108672718000.0
41.5,24.5,BAUpDIACUT,-359466740000.0
41.5,25.5,FM5pDIACUT,-128679203333.33333
41.5,26.5,FM5pDIACUT,-42552466666.666664
41.5,27.5,BAUpDIACUT,-53608103333.333336
41.5,28.5,,inf
41.5,29.5,,inf
41.5,30.5,,inf
41.5,31.5,,inf
41.5,32.5,BAUnTHININT,-244853523333.33334
42.5,-9.5,,inf
42.5,-8.5,FM5pDIACUT,-273853556666.66666
42.5,-7.5,BAUpDIACUT,-294964013333.3333
42.5,-6.5,FM5pDIACUT,-317903520000.0
42.5,-5.5,BAUpRESIDUAL,-112431266666.66667
42.5,-4.5,BAUpRESIDUAL,-87731426666.66667
42.5,-3.5,BAUpRESIDUAL,-134142453333.33333
42.5,-2.5,BAUpRESIDUAL,-245885963333.33334
42.5,-1.5,BAUpRESIDUAL,-174038453333.33334
42.5,-0.5,FM5pDIACUT,-237114336666.66666
42.5,0.5,FM5pDIACUT,-220625666666.66666
42.5,1.5,FM5pDIACUT,-277476700000.0
42.5,2.5,FM5pDIACUT,-266084613333.33334
42.5,3.5,,inf
42.5,4.5,,inf
42.5,5.5,,inf
42.5,6.5,,inf
42.5,7.5,,inf
42.5,8.5,,inf
42.5,9.5,,inf
42.5,10.5,,inf
42.5,11.5,FM5ppRESIDUAL,-70532439333.33333
42.5,12.5,FM5pDIACUT,-104746218333.33333
42.5,13.5,FM5pDIACUT,-116664183333.33333
42.5,14.5,,inf
42.5,15.5,,inf
42.5,16.5,,inf
42.5,17.5,,inf
42.5,18.5,BAUpN,-290443683333.3333
42.5,19.5,BAUpTHININT,-246224260000.0
42.5,20.5,BAU,-190137120000.0
42.5,21.5,FM5ppRESIDUAL,-179600233333.33334
42.5,22.5,BAUpRESIDUAL,-298005813333.3333
42.5,23.5,BAUpN,-215940990000.0
42.5,24.5,BAUpRESIDUAL,-198176023333.33334
42.5,25.5,BAU,-46112077333.333336
42.5,26.5,FM5pDIACUT,-78477753333.33333
42.5,27.5,FM5pDIACUT,-168595850000.0
42.5,28.5,,inf
42.5,29.5,,inf
42.5,30.5,,inf
42.5,31.5,,inf
42.5,32.5,,inf
43.5,-9.5,,inf
43.5,-8.5,,inf
43.5,-7.5,BAUpN,-241974996666.66666
43.5,-6.5,BAUpDIACUT,-335742976666.6667
43.5,-5.5,BAUpRESIDUAL,-241859180000.0
43.5,-4.5,,inf
43.5,-3.5,,inf
43.5,-2.5,,inf
43.5,-1.5,BAUpDIACUT,-262720236666.66666
43.5,-0.5,FM5pDIACUT,-127644636666.66667
43.5,0.5,BAUpDIACUT,-50889499333.333336
43.5,1.5,FM5pDIACUT,-40459168666.666664
43.5,2.5,FM5pDIACUT,-223266956666.66666
43.5,3.5,FM5pRESIDUAL,-284514353333.3333
43.5,4.5,BAUpRESIDUAL,-55869823000.0
43.5,5.5,FM5pRESIDUAL,-134372258000.0
43.5,6.5,BAUpRESIDUAL,-351155926666.6667
43.5,7.5,,inf
43.5,8.5,,inf
43.5,9.5,,inf
43.5,10.5,BAUpN,-151454013333.33334
43.5,11.5,BAUpN,-152720843333.33334
43.5,12.5,BAUpDIACUT,-143636926666.66666
43.5,13.5,,inf
43.5,14.5,,inf
43.5,15.5,,inf
43.5,16.5,FM5pRESIDUAL,-175163846666.66666
43.5,17.5,BAUpTHININT,-163465643333.33334
43.5,18.5,BAU,-244517576666.66666
43.5,19.5,BAUpRESIDUAL,-316832640000.0
43.5,20.5,BAUpRESIDUAL,-295169250000.0
43.5,21.5,BAUppRESIDUAL,-195623723333.33334
43.5,22.5,BAUppRESIDUAL,-192595643333.33334
43.5,23.5,BAUpDIACUT,-88128000000.0
43.5,24.5,FM5pDIACUT,-49245822333.333336
43.5,25.5,FM5pDIACUT,-39382351333.333336
43.5,26.5,BAUpRESIDUAL,-91843185000.0
43.5,27.5,FM5pRESIDUAL,-81336715333.33333
43.5,28.5,,inf
43.5,29.5,,inf
43.5,30.5,,inf
43.5,31.5,,inf
43.5,32.5,,inf
44.5,-9.5,,inf
44.5,-8.5,,inf
44.5,-7.5,,inf
44.5,-6.5,,inf
44.5,-5.5,,inf
44.5,-4.5,,inf
44.5,-3.5,,inf
44.5,-2.5,,inf
44.5,-1.5,,inf
44.5,-0.5,FM5pRESIDUAL,-457117223333.3333
44.5,0.5,FM5pDIACUT,-105193615000.0
44.5,1.5,BAUppRESIDUAL,-153252560000.0
44.5,2.5,BAUpRESIDUAL,-101624125000.0
44.5,3.5,BAUpDIACUT,-307235213333.3333
44.5,4.5,FM5pRESIDUAL,-246352360000.0
44.5,5.5,BAUpRESIDUAL,-244992350000.0
44.5,6.5,FM5pDIACUT,-121319130000.0
44.5,7.5,BAUpRESIDUAL,-197945700000.0
44.5,8.5,BAUpN,-297206063333.3333
44.5,9.5,BAUpDIACUT,-281349433333.3333
44.5,10.5,FM5pRESIDUAL,-169484216666.66666
44.5,11.5,BAUppRESIDUAL,-92973003333.33333
44.5,12.5,,inf
44.5,13.5,,inf
44.5,14.5,,inf
44.5,15.5,BAUpRESIDUAL,-278718203333.3333
44.5,16.5,BAUpRESIDUAL,-273688790000.0
44.5,17.5,BAUppRESIDUAL,-303386960000.0
44.5,18.5,BAUppRESIDUAL,-323341320000.0
44.5,19.5,FM5pDIACUT,-189714576666.66666
44.5,20.5,FM5pDIACUT,-107445511666.66667
44.5,21.5,BAUpDIACUT,-210292110000.0
44.5,22.5,BAUnTHININT,-191982113333.33334
44.5,23.5,FM5pRESIDUAL,-87911008333.33333
44.5,24.5,FM5pDIACUT,-63318112000.0
44.5,25.5,FM5pDIACUT,-52305539000.0
44.5,26.5,FM5pRESIDUAL,-32211289666.666668
44.5,27.5,BAUpDIACUT,-27600124666.666668
44.5,28.5,FM5pDIACUT,-42336148333.333336
44.5,29.5,,inf
44.5,30.5,,inf
44.5,31.5,,inf
44.5,32.5,,inf
45.5,-9.5,,inf
45.5,-8.5,,inf
45.5,-7.5,,inf
45.5,-6.5,,inf
45.5,-5.5,,inf
45.5,-4.5,,inf
45.5,-3.5,,inf
45.5,-2.5,,inf
45.5,-1.5,,inf
45.5,-0.5,FM5pDIACUT,-148448100000.0
45.5,0.5,FM5ppRESIDUAL,-127367757000.0
45.5,1.5,BAUpRESIDUAL,-184697990000.0
45.5,2.5,BAUpDIACUT,-207403490000.0
45.5,3.5,FM5pDIACUT,-192285483333.33334
45.5,4.5,BAUpDIACUT,-122431950000.0
45.5,5.5,FM5pDIACUT,-153915903333.33334
45.5,6.5,BAUpTHININT,-70744721666.66667
45.5,7.5,BAUpTHININT,-86400150000.0
45.5,8.5,BAUpRESIDUAL,-197718880000.0
45.5,9.5,BAUpRESIDUAL,-122070846666.66667
45.5,10.5,BAUpDIACUT,-139650836666.66666
45.5,11.5,BAUpN,-126860544666.66667
45.5,12.5,FM5pRESIDUAL,-41723749666.666664
45.5,13.5,BAUpRESIDUAL,-187001173333.33334
45.5,14.5,BAUpRESIDUAL,-327641236666.6667
45.5,15.5,BAUpRESIDUAL,-198334973333.33334
45.5,16.5,BAUpTHININT,-161941150000.0
45.5,17.5,BAUppRESIDUAL,-163273086666.66666
45.5,18.5,BAUpDIACUT,-90130538333.33333
45.5,19.5,FM5ppRESIDUAL,-30010333666.666668
45.5,20.5,FM5pDIACUT,-8107107900.0
45.5,21.5,FM5pDIACUT,-81377650000.0
45.5,22.5,BAU,-200462963333.33334
45.5,23.5,BAUpRESIDUAL,-216255673333.33334
45.5,24.5,BAUpRESIDUAL,-208008126666.66666
45.5,25.5,BAUpRESIDUAL,-201998093333.33334
45.5,26.5,BAU,-192931680000.0
45.5,27.5,BAUpN,-25488946000.0
45.5,28.5,BAUpDIACUT,-29922325333.333332
45.5,29.5,FM5pDIACUT,-50203528333.333336
45.5,30.5,,inf
45.5,31.5,,inf
45.5,32.5,,inf
46.5,-9.5,,inf
46.5,-8.5,,inf
46.5,-7.5,,inf
46.5,-6.5,,inf
46.5,-5.5,,inf
46.5,-4.5,,inf
46.5,-3.5,,inf
46.5,-2.5,,inf
46.5,-1.5,FM5pDIACUT,-31307655333.333332
46.5,-0.5,BAUpN,-19707216333.333332
46.5,0.5,BAUpRESIDUAL,-46429618333.333336
46.5,1.5,BAUppRESIDUAL,-81720921666.66667
46.5,2.5,BAUppRESIDUAL,-70545051666.66667
46.5,3.5,BAUpTHININT,-92728826666.66667
46.5,4.5,FM5pDIACUT,-107232786666.66667
46.5,5.5,FM5pRESIDUAL,-170730246666.66666
46.5,6.5,FM5pDIACUT,-165328213333.33334
46.5,7.5,BAUpDIACUT,-68731065666.66667
46.5,8.5,BAUpN,-68656617333.333336
46.5,9.5,BAUpN,-71953552333.33333
46.5,10.5,FM5pDIACUT,-24192237666.666668
46.5,11.5,BAUpRESIDUAL,-96909843333.33333
46.5,12.5,BAUpN,-131828101666.66667
46.5,13.5,FM5pDIACUT,-226771143333.33334
46.5,14.5,BAUpDIACUT,-380500406666.6667
46.5,15.5,FM5pDIACUT,-255935100000.0
46.5,16.5,FM5pDIACUT,-112101150000.0
46.5,17.5,BAUpDIACUT,-119483568333.33333
46.5,18.5,FM5ppRESIDUAL,-58802328333.333336
46.5,19.5,BAUpDIACUT,-76827706666.66667
46.5,20.5,BAUpDIACUT,-8543770233.333333
46.5,21.5,FM5pRESIDUAL,-51789296666.666664
46.5,22.5,BAUpRESIDUAL,-274616823333.33334
46.5,23.5,FM5pRESIDUAL,-139820383333.33334
46.5,24.5,BAUpRESIDUAL,-71095846333.33333
46.5,25.5,BAUpRESIDUAL,-164679553333.33334
46.5,26.5,BAUpRESIDUAL,-175555520000.0
46.5,27.5,BAUppRESIDUAL,-65069832666.666664
46.5,28.5,FM5pRESIDUAL,-23026826333.333332
46.5,29.5,FM5pRESIDUAL,-7551559466.666667
46.5,30.5,FM5pDIACUT,-8284079000.0
46.5,31.5,,inf
46.5,32.5,FM5pDIACUT,-14618499666.666666
47.5,-9.5,,inf
47.5,-8.5,,inf
47.5,-7.5,,inf
47.5,-6.5,,inf
47.5,-5.5,,inf
47.5,-4.5,,inf
47.5,-3.5,,inf
47.5,-2.5,BAUpDIACUT,-44006370000.0
47.5,-1.5,BAUpTHININT,-35583679333.333336
47.5,-0.5,BAUpTHININT,-35748399333.333336
47.5,0.5,BAUpRESIDUAL,-91927503333.33333
47.5,1.5,BAU,-121041275000.0
47.5,2.5,BAUpRESIDUAL,-132779322000.0
47.5,3.5,BAUpRESIDUAL,-123301503333.33333
47.5,4.5,BAUpN,-151679076666.66666
47.5,5.5,BAUpRESIDUAL,-148289450000.0
47.5,6.5,FM5pDIACUT,-169302986666.66666
47.5,7.5,BAUpDIACUT,-169835530000.0
47.5,8.5,BAUpDIACUT,-190858833333.33334
47.5,9.5,BAUpDIACUT,-162904850000.0
47.5,10.5,FM5pDIACUT,-118463866666.66667
47.5,11.5,FM5pDIACUT,-201149073333.33334
47.5,12.5,BAUnDIACUT,-127651526666.66667
47.5,13.5,FM5pDIACUT,-167262520000.0
47.5,14.5,FM5pDIACUT,-177916523333.33334
47.5,15.5,BAUpDIACUT,-295419366666.6667
47.5,16.5,BAUpDIACUT,-164692780000.0
47.5,17.5,BAUpRESIDUAL,-50684355666.666664
47.5,18.5,FM5pRESIDUAL,-66684514333.333336
47.5,19.5,BAUpRESIDUAL,-61548098333.333336
47.5,20.5,BAUpDIACUT,-25269179000.0
47.5,21.5,BAUpDIACUT,-27320062000.0
47.5,22.5,FM5pRESIDUAL,-72314686666.66667
47.5,23.5,BAUpRESIDUAL,-151423763333.33334
47.5,24.5,BAUppRESIDUAL,-181167646666.66666
47.5,25.5,BAUpRESIDUAL,-224198916666.66666
47.5,26.5,BAUpN,-61689408333.333336
47.5,27.5,BAUpRESIDUAL,-27405519666.666668
47.5,28.5,BAUpRESIDUAL,-39803200666.666664
47.5,29.5,BAUpRESIDUAL,-10326497000.0
47.5,30.5,FM5pDIACUT,-935150600.0
47.5,31.5,FM5pDIACUT,-1291608133.3333333
47.5,32.5,BAU,0.0
48.5,-9.5,,inf
48.5,-8.5,,inf
48.5,-7.5,,inf
48.5,-6.5,,inf
48.5,-5.5,,inf
48.5,-4.5,,inf
48.5,-3.5,BAUpDIACUT,-75466965000.0
48.5,-2.5,BAUpDIACUT,-46173923333.333336
48.5,-1.5,BAUpN,-30385691000.0
48.5,-0.5,BAUpDIACUT,-37348682666.666664
48.5,0.5,BAUpDIACUT,-51520418000.0
48.5,1.5,BAUpDIACUT,-53383966000.0
48.5,2.5,BAUpRESIDUAL,-83613190000.0
48.5,3.5,BAUpRESIDUAL,-86897825333.33333
48.5,4.5,BAUpRESIDUAL,-94048260000.0
48.5,5.5,BAUpRESIDUAL,-149939860000.0
48.5,6.5,BAUpDIACUT,-149215290000.0
48.5,7.5,BAUpDIACUT,-170546800000.0
48.5,8.5,FM5pDIACUT,-198137436666.66666
48.5,9.5,BAUpRESIDUAL,-117584808333.33333
48.5,10.5,BAUpDIACUT,-121988191666.66667
48.5,11.5,BAUpDIACUT,-129661500000.0
48.5,12.5,BAUpDIACUT,-97868461333.33333
48.5,13.5,BAUpDIACUT,-177704833333.33334
48.5,14.5,FM5pDIACUT,-174914573333.33334
48.5,15.5,FM5pDIACUT,-151163195000.0
48.5,16.5,FM5pDIACUT,-55087983333.333336
48.5,17.5,FM5pDIACUT,-100076525000.0
48.5,18.5,BAU,-146911243333.33334
48.5,19.5,BAUpRESIDUAL,-200171166666.66666
48.5,20.5,BAUppRESIDUAL,-178865150000.0
48.5,21.5,BAUpRESIDUAL,-109753280000.0
48.5,22.5,BAUpDIACUT,-102450936666.66667
48.5,23.5,BAUpRESIDUAL,-210421846666.66666
48.5,24.5,BAU,-183084796666.66666
48.5,25.5,BAUpRESIDUAL,-67439601666.666664
48.5,26.5,FM5pDIACUT,-35002368000.0
48.5,27.5,BAUppRESIDUAL,-31404799666.666668
48.5,28.5,BAUnDIACUT,-18457086333.333332
48.5,29.5,BAUnTHININT,-25563125000.0
48.5,30.5,FM5pDIACUT,-12328931333.333334
48.5,31.5,BAU,-5001935733.333333
48.5,32.5,BAUpRESIDUAL,-11975703666.666666
49.5,-9.5,,inf
49.5,-8.5,,inf
49.5,-7.5,,inf
49.5,-6.5,,inf
49.5,-5.5,,inf
49.5,-4.5,,inf
49.5,-3.5,,inf
49.5,-2.5,,inf
49.5,-1.5,,inf
49.5,-0.5,,inf
49.5,0.5,BAUpDIACUT,-39956982333.333336
49.5,1.5,BAUppRESIDUAL,-58007297666.666664
49.5,2.5,BAUpRESIDUAL,-60450250000.0
49.5,3.5,BAUpRESIDUAL,-86390323333.33333
49.5,4.5,BAU,-91424690000.0
49.5,5.5,FM5pDIACUT,-105336256666.66667
49.5,6.5,BAUpDIACUT,-133302596666.66667
49.5,7.5,BAUpDIACUT,-175095830000.0
49.5,8.5,BAUpRESIDUAL,-99321853333.33333
49.5,9.5,BAUpDIACUT,-128238230000.0
49.5,10.5,FM5pDIACUT,-99484873333.33333
49.5,11.5,BAUpDIACUT,-233741666666.66666
49.5,12.5,FM5pDIACUT,-214982916666.66666
49.5,13.5,FM5pDIACUT,-206050376666.66666
49.5,14.5,FM5pDIACUT,-140742913333.33334
49.5,15.5,FM5pDIACUT,-142704568666.66666
49.5,16.5,FM5pDIACUT,-136202328666.66667
49.5,17.5,FM5pDIACUT,-106436056666.66667
49.5,18.5,FM5pDIACUT,-188191200000.0
49.5,19.5,FM5pDIACUT,-139954256666.66666
49.5,20.5,FM5pDIACUT,-112269423333.33333
49.5,21.5,BAUpRESIDUAL,-139600603333.33334
49.5,22.5,BAUppRESIDUAL,-164622596666.66666
49.5,23.5,BAUppRESIDUAL,-109581456666.66667
49.5,24.5,BAUnTHININT,-66744108000.0
49.5,25.5,BAUppRESIDUAL,-27833653000.0
49.5,26.5,FM5pDIACUT,-13882290000.0
49.5,27.5,BAUpRESIDUAL,-28288236333.333332
49.5,28.5,BAUpRESIDUAL,-30143165000.0
49.5,29.5,BAUpDIACUT,-18205316000.0
49.5,30.5,BAUppRESIDUAL,-17281968000.0
49.5,31.5,BAUpRESIDUAL,-50731118666.666664
49.5,32.5,BAUpDIACUT,-21636420333.333332
50.5,-9.5,,inf
50.5,-8.5,,inf
50.5,-7.5,,inf
50.5,-6.5,,inf
50.5,-5.5,,inf
50.5,-4.5,FM5pRESIDUAL,-21379077333.333332
50.5,-3.5,BAUpN,-23898884333.333332
50.5,-2.5,,inf
50.5,-1.5,,inf
50.5,-0.5,,inf
50.5,0.5,,inf
50.5,1.5,,inf
50.5,2.5,BAUnDIACUT,-15818725000.0
50.5,3.5,BAUnTHININT,-24877843666.666668
50.5,4.5,BAUpRESIDUAL,-62119203333.333336
50.5,5.5,FM5pDIACUT,-98345216666.66667
50.5,6.5,BAUpDIACUT,-142794550000.0
50.5,7.5,BAUpDIACUT,-161620623333.33334
50.5,8.5,FM5pDIACUT,-118024280000.0
50.5,9.5,FM5pDIACUT,-157205336666.66666
50.5,10.5,BAUpDIACUT,-143047040000.0
50.5,11.5,BAUpDIACUT,-206739253333.33334
50.5,12.5,BAUpDIACUT,-178696763333.33334
50.5,13.5,BAUpDIACUT,-125885050000.0
50.5,14.5,FM5pDIACUT,-112556156666.66667
50.5,15.5,FM5pDIACUT,-140459133333.33334
50.5,16.5,FM5pDIACUT,-133392882000.0
50.5,17.5,FM5pDIACUT,-102363790000.0
50.5,18.5,BAUpDIACUT,-186952486666.66666
50.5,19.5,BAUpDIACUT,-149305000000.0
50.5,20.5,BAUpDIACUT,-82035073333.33333
50.5,21.5,BAUpDIACUT,-112104856666.66667
50.5,22.5,BAUpDIACUT,-139942796666.66666
50.5,23.5,FM5pDIACUT,-83556630000.0
50.5,24.5,BAU,-50333884000.0
50.5,25.5,FM5nDIACUT,-59578327000.0
50.5,26.5,FM5pDIACUT,-71068038000.0
50.5,27.5,BAUpRESIDUAL,-109695913333.33333
50.5,28.5,BAUpRESIDUAL,-69603050000.0
50.5,29.5,BAUpRESIDUAL,-87723140000.0
50.5,30.5,FM5pDIACUT,-62336002000.0
50.5,31.5,BAUpRESIDUAL,-28339671000.0
50.5,32.5,FM5pDIACUT,-19749301333.333332
51.5,-9.5,,inf
51.5,-8.5,,inf
51.5,-7.5,,inf
51.5,-6.5,,inf
51.5,-5.5,,inf
51.5,-4.5,,inf
51.5,-3.5,BAUpDIACUT,-49468496666.666664
51.5,-2.5,FM5nDIACUT,-32710057000.0
51.5,-1.5,FM5pDIACUT,-17222982000.0
51.5,-0.5,BAUppRESIDUAL,-48176164666.666664
51.5,0.5,FM5nDIACUT,-24983373666.666668
51.5,1.5,,inf
51.5,2.5,,inf
51.5,3.5,,inf
51.5,4.5,FM5pTHININT,-56394851666.666664
51.5,5.5,BAUpRESIDUAL,-81605420000.0
51.5,6.5,FM5pDIACUT,-40830271666.666664
51.5,7.5,BAUpTHININT,-75713040000.0
51.5,8.5,BAUpRESIDUAL,-104266486666.66667
51.5,9.5,BAUpTHININT,-92356775000.0
51.5,10.5,BAUpRESIDUAL,-87709016666.66667
51.5,11.5,BAUpRESIDUAL,-32952232666.666668
51.5,12.5,FM5pDIACUT,-58990551000.0
51.5,13.5,BAUpDIACUT,-128127596666.66667
51.5,14.5,BAUpDIACUT,-201592870000.0
51.5,15.5,BAUpDIACUT,-227939423333.33334
51.5,16.5,BAUpDIACUT,-92730710000.0
51.5,17.5,BAUpDIACUT,-93026663333.33333
51.5,18.5,FM5pDIACUT,-80437658333.33333
51.5,19.5,BAUpDIACUT,-118001273333.33333
51.5,20.5,FM5pDIACUT,-161154016666.66666
51.5,21.5,BAUpDIACUT,-127161586666.66667
51.5,22.5,BAUpDIACUT,-54173580000.0
51.5,23.5,FM5pDIACUT,-112286798333.33333
51.5,24.5,FM5pDIACUT,-109964753333.33333
51.5,25.5,FM5pRESIDUAL,-132596150000.0
51.5,26.5,FM5pDIACUT,-125900416666.66667
51.5,27.5,FM5pDIACUT,-162946273333.33334
51.5,28.5,FM5pDIACUT,-150288090000.0
51.5,29.5,FM5pDIACUT,-133745840000.0
51.5,30.5,FM5pRESIDUAL,-100744623333.33333
51.5,31.5,BAUnTHININT,-63415089000.0
51.5,32.5,FM5pDIACUT,-61393917333.333336
52.5,-9.5,BAUpDIACUT,-31213576333.333332
52.5,-8.5,BAUpRESIDUAL,-23464201333.333332
52.5,-7.5,FM5nDIACUT,-19186344666.666668
52.5,-6.5,FM5pDIACUT,-26548053666.666668
52.5,-5.5,,inf
52.5,-4.5,,inf
52.5,-3.5,BAUpDIACUT,-59648499000.0
52.5,-2.5,FM5pDIACUT,-30101774666.666668
52.5,-1.5,BAUpRESIDUAL,-17821034000.0
52.5,-0.5,FM5nDIACUT,-11580969666.666666
52.5,0.5,FM5pDIACUT,-17776938000.0
52.5,1.5,BAUppRESIDUAL,-19836520333.333332
52.5,2.5,,inf
52.5,3.5,,inf
52.5,4.5,,inf
52.5,5.5,BAUpRESIDUAL,-73081506666.66667
52.5,6.5,BAUpTHININT,-46332610000.0
52.5,7.5,BAUpDIACUT,-67995374333.333336
52.5,8.5,BAUpDIACUT,-36116424333.333336
52.5,9.5,BAUpDIACUT,-79971085000.0
52.5,10.5,BAUpDIACUT,-96943138333.33333
52.5,11.5,BAUpTHININT,-56167063666.666664
52.5,12.5,BAUpDIACUT,-133004641333.33333
52.5,13.5,BAUpDIACUT,-179027313333.33334
52.5,14.5,FM5pDIACUT,-140685053333.33334
52.5,15.5,BAUpDIACUT,-220442316666.66666
52.5,16.5,BAUpDIACUT,-131992245000.0
52.5,17.5,BAUpDIACUT,-75386197666.66667
52.5,18.5,FM5pDIACUT,-60584931333.333336
52.5,19.5,FM5pDIACUT,-58759935666.666664
52.5,20.5,FM5pDIACUT,-63802269666.666664
52.5,21.5,FM5pDIACUT,-107440145333.33333
52.5,22.5,FM5pDIACUT,-58590204000.0
52.5,23.5,FM5pN,-110316261666.66667
52.5,24.5,BAUppRESIDUAL,-97401121666.66667
52.5,25.5,FM5pDIACUT,-111026233333.33333
52.5,26.5,FM5pDIACUT,-107854201666.66667
52.5,27.5,FM5pRESIDUAL,-92130656666.66667
52.5,28.5,FM5pDIACUT,-153292036666.66666
52.5,29.5,FM5pDIACUT,-125230473333.33333
52.5,30.5,FM5pRESIDUAL,-74089351666.66667
52.5,31.5,FM5pDIACUT,-103999220000.0
52.5,32.5,BAUpDIACUT,-116880983333.33333
53.5,-9.5,BAUpDIACUT,-61274879000.0
53.5,-8.5,BAUpRESIDUAL,-23008925000.0
53.5,-7.5,BAUpDIACUT,-24959198666.666668
53.5,-6.5,FM5pDIACUT,-26477001666.666668
53.5,-5.5,,inf
53.5,-4.5,,inf
53.5,-3.5,,inf
53.5,-2.5,FM5pRESIDUAL,-22646946000.0
53.5,-1.5,FM5pRESIDUAL,-28848768666.666668
53.5,-0.5,FM5pRESIDUAL,-8265817666.666667
53.5,0.5,,inf
53.5,1.5,,inf
53.5,2.5,,inf
53.5,3.5,,inf
53.5,4.5,,inf
53.5,5.5,,inf
53.5,6.5,,inf
53.5,7.5,FM5pDIACUT,-32712516666.666668
53.5,8.5,BAUpRESIDUAL,-26417178666.666668
53.5,9.5,BAUpDIACUT,-65082759000.0
53.5,10.5,BAUpTHININT,-57191546000.0
53.5,11.5,FM5pDIACUT,-79017226666.66667
53.5,12.5,FM5pDIACUT,-94440542000.0
53.5,13.5,BAUpTHININT,-62131307666.666664
53.5,14.5,BAUpDIACUT,-123441910000.0
53.5,15.5,FM5pDIACUT,-118329560000.0
53.5,16.5,BAUpDIACUT,-219523263333.33334
53.5,17.5,BAUpDIACUT,-147696640000.0
53.5,18.5,BAUpDIACUT,-130450166666.66667
53.5,19.5,FM5pDIACUT,-77333456666.66667
53.5,20.5,FM5pDIACUT,-135018193333.33333
53.5,21.5,FM5pDIACUT,-132381283333.33333
53.5,22.5,FM5pDIACUT,-77616903333.33333
53.5,23.5,FM5pDIACUT,-144707063333.33334
53.5,24.5,FM5pDIACUT,-87460496666.66667
53.5,25.5,FM5pDIACUT,-114210778000.0
53.5,26.5,BAUpRESIDUAL,-79598106666.66667
53.5,27.5,BAUpDIACUT,-78964168333.33333
53.5,28.5,FM5pDIACUT,-119957300000.0
53.5,29.5,FM5pDIACUT,-119212049666.66667
53.5,30.5,BAUpDIACUT,-113458110000.0
53.5,31.5,FM5pRESIDUAL,-131609946666.66667
53.5,32.5,FM5pRESIDUAL,-126040383333.33333
54.5,-9.5,,inf
54.5,-8.5,FM5pDIACUT,-71566518666.66667
54.5,-7.5,BAUpDIACUT,-52330660000.0
54.5,-6.5,BAUpDIACUT,-17146205000.0
54.5,-5.5,,inf
54.5,-4.5,,inf
54.5,-3.5,,inf
54.5,-2.5,FM5nDIACUT,-37888435000.0
54.5,-1.5,FM5pRESIDUAL,-28921273000.0
54.5,-0.5,,inf
54.5,0.5,,inf
54.5,1.5,,inf
54.5,2.5,,inf
54.5,3.5,,inf
54.5,4.5,,inf
54.5,5.5,,inf
54.5,6.5,,inf
54.5,7.5,,inf
54.5,8.5,,inf
54.5,9.5,BAUpDIACUT,-34612644333.333336
54.5,10.5,,inf
54.5,11.5,,inf
54.5,12.5,,inf
54.5,13.5,,inf
54.5,14.5,,inf
54.5,15.5,,inf
54.5,16.5,,inf
54.5,17.5,BAUpDIACUT,-194681576666.66666
54.5,18.5,FM5pDIACUT,-103372283333.33333
54.5,19.5,,inf
54.5,20.5,BAUpDIACUT,-68428396666.666664
54.5,21.5,BAUpRESIDUAL,-63973687666.666664
54.5,22.5,FM5pDIACUT,-70441333333.33333
54.5,23.5,FM5pDIACUT,-81687723000.0
54.5,24.5,FM5pDIACUT,-161998343333.33334
54.5,25.5,FM5pDIACUT,-128733736666.66667
54.5,26.5,FM5pDIACUT,-115681511666.66667
54.5,27.5,FM5pRESIDUAL,-98507064666.66667
54.5,28.5,BAUpDIACUT,-149867776666.66666
54.5,29.5,BAUpDIACUT,-93955400000.0
54.5,30.5,FM5pDIACUT,-69471196666.66667
54.5,31.5,BAUpRESIDUAL,-75866746666.66667
54.5,32.5,BAUppRESIDUAL,-91594840000.0
55.5,-9.5,,inf
55.5,-8.5,,inf
55.5,-7.5,,inf
55.5,-6.5,,inf
55.5,-5.5,,inf
55.5,-4.5,FM5nDIACUT,-72840680000.0
55.5,-3.5,FM5pDIACUT,-58934942333.333336
55.5,-2.5,FM5nDIACUT,-56918658666.666664
55.5,-1.5,,inf
55.5,-0.5,,inf
55.5,0.5,,inf
55.5,1.5,,inf
55.5,2.5,,inf
55.5,3.5,,inf
55.5,4.5,,inf
55.5,5.5,,inf
55.5,6.5,,inf
55.5,7.5,,inf
55.5,8.5,BAUpTHININT,-69532977666.66667
55.5,9.5,BAUpDIACUT,-44599536333.333336
55.5,10.5,,inf
55.5,11.5,BAUpRESIDUAL,-43145624333.333336
55.5,12.5,,inf
55.5,13.5,BAUpN,-57863302000.0
55.5,14.5,,inf
55.5,15.5,,inf
55.5,16.5,,inf
55.5,17.5,,inf
55.5,18.5,,inf
55.5,19.5,,inf
55.5,20.5,,inf
55.5,21.5,FM5pDIACUT,-115337030000.0
55.5,22.5,BAUpRESIDUAL,-111055768666.66667
55.5,23.5,FM5pDIACUT,-64199699666.666664
55.5,24.5,BAUpDIACUT,-81215335333.33333
55.5,25.5,FM5pDIACUT,-121187738000.0
55.5,26.5,FM5pDIACUT,-116563481666.66667
55.5,27.5,FM5pDIACUT,-78553784666.66667
55.5,28.5,FM5pDIACUT,-135553546666.66667
55.5,29.5,FM5pRESIDUAL,-104338766666.66667
55.5,30.5,BAUnDIACUT,-106125828666.66667
55.5,31.5,BAUpRESIDUAL,-152484666666.66666
55.5,32.5,BAUpN,-113164130000.0
56.5,-9.5,,inf
56.5,-8.5,,inf
56.5,-7.5,,inf
56.5,-6.5,,inf
56.5,-5.5,FM5pDIACUT,-105706135333.33333
56.5,-4.5,FM5pDIACUT,-58080247666.666664
56.5,-3.5,FM5pRESIDUAL,-51644108666.666664
56.5,-2.5,,inf
56.5,-1.5,,inf
56.5,-0.5,,inf
56.5,0.5,,inf
56.5,1.5,,inf
56.5,2.5,,inf
56.5,3.5,,inf
56.5,4.5,,inf
56.5,5.5,,inf
56.5,6.5,,inf
56.5,7.5,,inf
56.5,8.5,BAUpTHININT,-51672573333.333336
56.5,9.5,BAUpDIACUT,-67939892666.666664
56.5,10.5,,inf
56.5,11.5,,inf
56.5,12.5,,inf
56.5,13.5,FM5pDIACUT,-256640966666.66666
56.5,14.5,BAUpRESIDUAL,-271836620000.0
56.5,15.5,BAUpRESIDUAL,-309828980000.0
56.5,16.5,,inf
56.5,17.5,,inf
56.5,18.5,,inf
56.5,19.5,,inf
56.5,20.5,,inf
56.5,21.5,FM5pDIACUT,-145106790000.0
56.5,22.5,FM5pDIACUT,-107039700000.0
56.5,23.5,FM5pDIACUT,-75629668666.66667
56.5,24.5,FM5pDIACUT,-106924803333.33333
56.5,25.5,FM5pDIACUT,-147127933333.33334
56.5,26.5,BAUpDIACUT,-127721361333.33333
56.5,27.5,FM5pDIACUT,-127740246666.66667
56.5,28.5,FM5pRESIDUAL,-184959626666.66666
56.5,29.5,BAU,-130592360000.0
56.5,30.5,BAUpRESIDUAL,-83255843333.33333
56.5,31.5,BAUpTHININT,-109867532000.0
56.5,32.5,BAUpTHININT,-113254520000.0
57.5,-9.5,,inf
57.5,-8.5,,inf
57.5,-7.5,,inf
57.5,-6.5,,inf
57.5,-5.5,BAUpDIACUT,-43999611000.0
57.5,-4.5,FM5pDIACUT,-96613498333.33333
57.5,-3.5,FM5pDIACUT,-103847500000.0
57.5,-2.5,FM5pDIACUT,-46173513333.333336
57.5,-1.5,,inf
57.5,-0.5,,inf
57.5,0.5,,inf
57.5,1.5,,inf
57.5,2.5,,inf
57.5,3.5,,inf
57.5,4.5,,inf
57.5,5.5,,inf
57.5,6.5,,inf
57.5,7.5,,inf
57.5,8.5,,inf
57.5,9.5,,inf
57.5,10.5,,inf
57.5,11.5,,inf
57.5,12.5,BAUpRESIDUAL,-298150763333.3333
57.5,13.5,FM5pDIACUT,-264826213333.33334
57.5,14.5,FM5pDIACUT,-247115063333.33334
57.5,15.5,FM5pDIACUT,-262053916666.66666
57.5,16.5,FM5pDIACUT,-255886896666.66666
57.5,17.5,,inf
57.5,18.5,,inf
57.5,19.5,,inf
57.5,20.5,,inf
57.5,21.5,,inf
57.5,22.5,FM5pDIACUT,-199231650000.0
57.5,23.5,,inf
57.5,24.5,BAUpTHININT,-204267650000.0
57.5,25.5,FM5pDIACUT,-167964930000.0
57.5,26.5,FM5pDIACUT,-168400236666.66666
57.5,27.5,FM5pDIACUT,-156469546666.66666
57.5,28.5,FM5pRESIDUAL,-113649206666.66667
57.5,29.5,BAUpN,-104785398666.66667
57.5,30.5,BAU,-105644830000.0
57.5,31.5,BAUnDIACUT,-107548780000.0
57.5,32.5,BAUpTHININT,-84922328333.33333
58.5,-9.5,,inf
58.5,-8.5,,inf
58.5,-7.5,,inf
58.5,-6.5,,inf
58.5,-5.5,,inf
58.5,-4.5,FM5pDIACUT,-101221924000.0
58.5,-3.5,,inf
58.5,-2.5,,inf
58.5,-1.5,,inf
58.5,-0.5,,inf
58.5,0.5,,inf
58.5,1.5,,inf
58.5,2.5,,inf
58.5,3.5,,inf
58.5,4.5,,inf
58.5,5.5,,inf
58.5,6.5,BAUpRESIDUAL,-124722816666.66667
58.5,7.5,FM5pDIACUT,-160835010000.0
58.5,8.5,FM5pDIACUT,-236841400000.0
58.5,9.5,,inf
58.5,10.5,,inf
58.5,11.5,FM5pDIACUT,-190158816666.66666
58.5,12.5,FM5pDIACUT,-147904133333.33334
58.5,13.5,FM5pDIACUT,-80654476666.66667
58.5,14.5,FM5pDIACUT,-151908810000.0
58.5,15.5,FM5pDIACUT,-201032526666.66666
58.5,16.5,FM5pDIACUT,-209449773333.33334
58.5,17.5,,inf
58.5,18.5,,inf
58.5,19.5,,inf
58.5,20.5,,inf
58.5,21.5,,inf
58.5,22.5,FM5pDIACUT,-164608120000.0
58.5,23.5,,inf
58.5,24.5,FM5pDIACUT,-137799426666.66666
58.5,25.5,FM5pRESIDUAL,-144045700000.0
58.5,26.5,FM5pN,-110842785000.0
58.5,27.5,FM5pRESIDUAL,-87776946666.66667
58.5,28.5,FM5pDIACUT,-164035566666.66666
58.5,29.5,FM5pDIACUT,-111894608666.66667
58.5,30.5,FM5nDIACUT,-78817954666.66667
58.5,31.5,BAUpN,-84551891666.66667
58.5,32.5,BAUppRESIDUAL,-118348265000.0
59.5,-9.5,,inf
59.5,-8.5,,inf
59.5,-7.5,,inf
59.5,-6.5,,inf
59.5,-5.5,,inf
59.5,-4.5,,inf
59.5,-3.5,,inf
59.5,-2.5,,inf
59.5,-1.5,,inf
59.5,-0.5,,inf
59.5,0.5,,inf
59.5,1.5,,inf
59.5,2.5,,inf
59.5,3.5,,inf
59.5,4.5,,inf
59.5,5.5,,inf
59.5,6.5,BAUpDIACUT,-49548221666.666664
59.5,7.5,BAUpDIACUT,-67428011666.666664
59.5,8.5,BAUpRESIDUAL,-107001256666.66667
59.5,9.5,FM5pDIACUT,-153690390000.0
59.5,10.5,BAUpDIACUT,-171582850000.0
59.5,11.5,FM5pDIACUT,-191558643333.33334
59.5,12.5,FM5pDIACUT,-200857660000.0
59.5,13.5,FM5pDIACUT,-149693276666.66666
59.5,14.5,FM5pRESIDUAL,-166240333333.33334
59.5,15.5,FM5pDIACUT,-148592223333.33334
59.5,16.5,FM5pDIACUT,-134231981666.66667
59.5,17.5,FM5pDIACUT,-101408460000.0
59.5,18.5,FM5pDIACUT,-156813773333.33334
59.5,19.5,,inf
59.5,20.5,,inf
59.5,21.5,,inf
59.5,22.5,,inf
59.5,23.5,,inf
59.5,24.5,,inf
59.5,25.5,FM5pDIACUT,-149356416666.66666
59.5,26.5,FM5pRESIDUAL,-125050796666.66667
59.5,27.5,,inf
59.5,28.5,FM5pDIACUT,-160820690000.0
59.5,29.5,BAUpRESIDUAL,-88468376666.66667
59.5,30.5,FM5pDIACUT,-77970166666.66667
59.5,31.5,FM5pN,-92419703333.33333
59.5,32.5,BAU,-91367186000.0
60.5,-9.5,,inf
60.5,-8.5,,inf
60.5,-7.5,,inf
60.5,-6.5,,inf
60.5,-5.5,,inf
60.5,-4.5,,inf
60.5,-3.5,,inf
60.5,-2.5,,inf
60.5,-1.5,,inf
60.5,-0.5,,inf
60.5,0.5,,inf
60.5,1.5,,inf
60.5,2.5,,inf
60.5,3.5,,inf
60.5,4.5,,inf
60.5,5.5,BAUpDIACUT,-124093658333.33333
60.5,6.5,BAUpDIACUT,-41488945666.666664
60.5,7.5,BAUpDIACUT,-42842979000.0
60.5,8.5,BAUpDIACUT,-72636576666.66667
60.5,9.5,BAUpN,-107545830000.0
60.5,10.5,FM5pDIACUT,-141884050000.0
60.5,11.5,FM5pDIACUT,-136206740000.0
60.5,12.5,FM5pDIACUT,-142280550000.0
60.5,13.5,FM5pDIACUT,-132415496666.66667
60.5,14.5,FM5pDIACUT,-156863613333.33334
60.5,15.5,FM5pDIACUT,-142210110000.0
60.5,16.5,FM5pDIACUT,-144234493333.33334
60.5,17.5,FM5pDIACUT,-180239336666.66666
60.5,18.5,,inf
60.5,19.5,,inf
60.5,20.5,,inf
60.5,21.5,,inf
60.5,22.5,FM5pDIACUT,-120791435000.0
60.5,23.5,FM5pDIACUT,-99237315000.0
60.5,24.5,FM5pDIACUT,-115571600000.0
60.5,25.5,FM5pDIACUT,-110051800000.0
60.5,26.5,FM5pDIACUT,-135652156666.66667
60.5,27.5,,inf
60.5,28.5,BAU,0.0
60.5,29.5,FM5pDIACUT,-129977734666.66667
60.5,30.5,BAUpRESIDUAL,-90042478333.33333
60.5,31.5,FM5pRESIDUAL,-12704582000.0
60.5,32.5,BAU,0.0
61.5,-9.5,,inf
61.5,-8.5,,inf
61.5,-7.5,,inf
61.5,-6.5,,inf
61.5,-5.5,,inf
61.5,-4.5,,inf
61.5,-3.5,,inf
61.5,-2.5,,inf
61.5,-1.5,,inf
61.5,-0.5,,inf
61.5,0.5,,inf
61.5,1.5,,inf
61.5,2.5,,inf
61.5,3.5,,inf
61.5,4.5,,inf
61.5,5.5,FM5nDIACUT,-92341283333.33333
61.5,6.5,BAUpRESIDUAL,-41077978000.0
61.5,7.5,BAUpN,-32219226000.0
61.5,8.5,BAUpN,-20966634666.666668
61.5,9.5,BAUpRESIDUAL,-62854545333.333336
61.5,10.5,BAUpN,-84920243333.33333
61.5,11.5,BAUpDIACUT,-83689584666.66667
61.5,12.5,BAUpDIACUT,-75836763333.33333
61.5,13.5,FM5pDIACUT,-82557773333.33333
61.5,14.5,FM5pDIACUT,-83611610000.0
61.5,15.5,BAUpDIACUT,-85945493333.33333
61.5,16.5,BAUpN,-107980901666.66667
61.5,17.5,,inf
61.5,18.5,,inf
61.5,19.5,,inf
61.5,20.5,,inf
61.5,21.5,FM5pDIACUT,-160512246666.66666
61.5,22.5,FM5pDIACUT,-100686095333.33333
61.5,23.5,FM5pDIACUT,-80727466666.66667
61.5,24.5,FM5pN,-81849466666.66667
61.5,25.5,FM5pN,-86560530000.0
61.5,26.5,FM5pN,-96706084666.66667
61.5,27.5,FM5pDIACUT,-131055656666.66667
61.5,28.5,FM5pDIACUT,-115759596666.66667
61.5,29.5,FM5pDIACUT,-110982260000.0
61.5,30.5,FM5pDIACUT,-51838243000.0
61.5,31.5,BAUpDIACUT,-38694213333.333336
61.5,32.5,FM5pDIACUT,-71018808000.0
62.5,-9.5,,inf
62.5,-8.5,,inf
62.5,-7.5,,inf
62.5,-6.5,,inf
62.5,-5.5,,inf
62.5,-4.5,,inf
62.5,-3.5,,inf
62.5,-2.5,,inf
62.5,-1.5,,inf
62.5,-0.5,,inf
62.5,0.5,,inf
62.5,1.5,,inf
62.5,2.5,,inf
62.5,3.5,,inf
62.5,4.5,,inf
62.5,5.5,,inf
62.5,6.5,BAUpRESIDUAL,-72383794666.66667
62.5,7.5,BAUpTHININT,-27491494666.666668
62.5,8.5,BAUppRESIDUAL,-15621386000.0
62.5,9.5,BAU,-18696356666.666668
62.5,10.5,BAUpDIACUT,-47730601666.666664
62.5,11.5,FM5nDIACUT,-44359070333.333336
62.5,12.5,FM5nDIACUT,-34587927000.0
62.5,13.5,FM5pN,-60093532666.666664
62.5,14.5,FM5pN,-103493015000.0
62.5,15.5,FM5pN,-116583823333.33333
62.5,16.5,FM5nTHININT,-131123050000.0
62.5,17.5,FM5pN,-119410591666.66667
62.5,18.5,,inf
62.5,19.5,,inf
62.5,20.5,,inf
62.5,21.5,FM5pDIACUT,-94327296666.66667
62.5,22.5,FM5pRESIDUAL,-67267062666.666664
62.5,23.5,FM5pN,-86560266666.66667
62.5,24.5,FM5pN,-109145933333.33333
62.5,25.5,BAUpN,-82857771666.66667
62.5,26.5,FM5pDIACUT,-126625051666.66667
62.5,27.5,FM5pDIACUT,-116120860000.0
62.5,28.5,FM5pDIACUT,-106348073333.33333
62.5,29.5,BAUpDIACUT,-80017416666.66667
62.5,30.5,BAUpN,-88376168333.33333
62.5,31.5,FM5pRESIDUAL,-90432290000.0
62.5,32.5,BAUpDIACUT,-78058603333.33333
63.5,-9.5,,inf
63.5,-8.5,,inf
63.5,-7.5,,inf
63.5,-6.5,,inf
63.5,-5.5,,inf
63.5,-4.5,,inf
63.5,-3.5,,inf
63.5,-2.5,,inf
63.5,-1.5,,inf
63.5,-0.5,,inf
63.5,0.5,,inf
63.5,1.5,,inf
63.5,2.5,,inf
63.5,3.5,,inf
63.5,4.5,,inf
63.5,5.5,,inf
63.5,6.5,,inf
63.5,7.5,,inf
63.5,8.5,,inf
63.5,9.5,BAUpDIACUT,-105580923666.66667
63.5,10.5,BAUpDIACUT,-88727646666.66667
63.5,11.5,BAUpDIACUT,-54141191333.333336
63.5,12.5,BAUpN,-50919082666.666664
63.5,13.5,BAUpN,-79904303333.33333
63.5,14.5,BAUpN,-77887756666.66667
63.5,15.5,BAUpN,-84027333333.33333
63.5,16.5,FM5nTHININT,-103613408000.0
63.5,17.5,BAUpDIACUT,-90596458333.33333
63.5,18.5,FM5nTHININT,-92521556666.66667
63.5,19.5,FM5nTHININT,-86849466666.66667
63.5,20.5,,inf
63.5,21.5,,inf
63.5,22.5,FM5pRESIDUAL,-47371010000.0
63.5,23.5,BAUpRESIDUAL,-54313478666.666664
63.5,24.5,BAUpRESIDUAL,-54849760000.0
63.5,25.5,FM5pN,-78677996666.66667
63.5,26.5,FM5pDIACUT,-94319443333.33333
63.5,27.5,FM5pN,-67694575666.666664
63.5,28.5,BAUpN,-80982830000.0
63.5,29.5,FM5pN,-77630863000.0
63.5,30.5,BAUpN,-63265532333.333336
63.5,31.5,BAUpDIACUT,-87400541666.66667
63.5,32.5,BAU,0.0
64.5,-9.5,,inf
64.5,-8.5,,inf
64.5,-7.5,,inf
64.5,-6.5,,inf
64.5,-5.5,,inf
64.5,-4.5,,inf
64.5,-3.5,,inf
64.5,-2.5,,inf
64.5,-1.5,,inf
64.5,-0.5,,inf
64.5,0.5,,inf
64.5,1.5,,inf
64.5,2.5,,inf
64.5,3.5,,inf
64.5,4.5,,inf
64.5,5.5,,inf
64.5,6.5,,inf
64.5,7.5,,inf
64.5,8.5,,inf
64.5,9.5,,inf
64.5,10.5,,inf
64.5,11.5,BAUpDIACUT,-75057660000.0
64.5,12.5,BAUpN,-48193306666.666664
64.5,13.5,BAUpN,-56059938333.333336
64.5,14.5,BAUpN,-64131000000.0
64.5,15.5,BAUpN,-87970000000.0
64.5,16.5,BAUnDIACUT,-64992226666.666664
64.5,17.5,BAUpRESIDUAL,-47830476333.333336
64.5,18.5,BAUnDIACUT,-67068511000.0
64.5,19.5,BAUpRESIDUAL,-62395208333.333336
64.5,20.5,FM5pN,-98183878333.33333
64.5,21.5,,inf
64.5,22.5,,inf
64.5,23.5,,inf
64.5,24.5,FM5pN,-101617822000.0
64.5,25.5,BAUnTHININT,-50891766666.666664
64.5,26.5,BAUpN,-46116521666.666664
64.5,27.5,BAUpDIACUT,-60196637000.0
64.5,28.5,BAUnDIACUT,-71477200000.0
64.5,29.5,BAUpDIACUT,-71263358333.33333
64.5,30.5,FM5pN,-73567610000.0
64.5,31.5,FM5pN,-85683906666.66667
64.5,32.5,BAUpDIACUT,-62959901333.333336
65.5,-9.5,,inf
65.5,-8.5,,inf
65.5,-7.5,,inf
65.5,-6.5,,inf
65.5,-5.5,,inf
65.5,-4.5,,inf
65.5,-3.5,,inf
65.5,-2.5,,inf
65.5,-1.5,,inf
65.5,-0.5,,inf
65.5,0.5,,inf
65.5,1.5,,inf
65.5,2.5,,inf
65.5,3.5,,inf
65.5,4.5,,inf
65.5,5.5,,inf
65.5,6.5,,inf
65.5,7.5,,inf
65.5,8.5,,inf
65.5,9.5,,inf
65.5,10.5,,inf
65.5,11.5,,inf
65.5,12.5,BAUpRESIDUAL,-47796869333.333336
65.5,13.5,BAUpN,-34496118000.0
65.5,14.5,BAUpTHININT,-24905994666.666668
65.5,15.5,BAUpRESIDUAL,-46101128000.0
65.5,16.5,BAUpN,-68045746666.666664
65.5,17.5,BAUpRESIDUAL,-52529200000.0
65.5,18.5,BAUpRESIDUAL,-49715325666.666664
65.5,19.5,BAUpTHININT,-57687006333.333336
65.5,20.5,BAUnDIACUT,-60150600000.0
65.5,21.5,BAUpN,-76433253333.33333
65.5,22.5,,inf
65.5,23.5,,inf
65.5,24.5,,inf
65.5,25.5,FM5pN,-50843278000.0
65.5,26.5,BAUpN,-51166060000.0
65.5,27.5,BAUpDIACUT,-69237174666.66667
65.5,28.5,BAUpN,-68481176000.0
65.5,29.5,BAUpRESIDUAL,-45475131666.666664
65.5,30.5,BAU,0.0
65.5,31.5,FM5nDIACUT,-56150425000.0
65.5,32.5,BAUpDIACUT,-56543522666.666664
66.5,-9.5,,inf
66.5,-8.5,,inf
66.5,-7.5,,inf
66.5,-6.5,,inf
66.5,-5.5,,inf
66.5,-4.5,,inf
66.5,-3.5,,inf
66.5,-2.5,,inf
66.5,-1.5,,inf
66.5,-0.5,,inf
66.5,0.5,,inf
66.5,1.5,,inf
66.5,2.5,,inf
66.5,3.5,,inf
66.5,4.5,,inf
66.5,5.5,,inf
66.5,6.5,,inf
66.5,7.5,,inf
66.5,8.5,,inf
66.5,9.5,,inf
66.5,10.5,,inf
66.5,11.5,,inf
66.5,12.5,,inf
66.5,13.5,BAUpN,-45663989666.666664
66.5,14.5,BAUpRESIDUAL,-20722378000.0
66.5,15.5,BAUpRESIDUAL,-11032996666.666666
66.5,16.5,BAUnDIACUT,-17787689666.666668
66.5,17.5,BAUpDIACUT,-38842762666.666664
66.5,18.5,FM5pN,-46637797000.0
66.5,19.5,FM5nTHININT,-53449233666.666664
66.5,20.5,BAUpN,-60702507666.666664
66.5,21.5,BAUpN,-57781720000.0
66.5,22.5,BAUpRESIDUAL,-56450141000.0
66.5,23.5,BAUpDIACUT,-54687850000.0
66.5,24.5,FM5nTHININT,-50259986666.666664
66.5,25.5,BAUpN,-56959943333.333336
66.5,26.5,FM5nDIACUT,-48451014666.666664
66.5,27.5,BAUpDIACUT,-60193790000.0
66.5,28.5,BAUpDIACUT,-44068995000.0
66.5,29.5,BAUpN,-56541771000.0
66.5,30.5,BAU,0.0
66.5,31.5,BAU,0.0
66.5,32.5,FM5nDIACUT,-62311077333.333336
67.5,-9.5,,inf
67.5,-8.5,,inf
67.5,-7.5,,inf
67.5,-6.5,,inf
67.5,-5.5,,inf
67.5,-4.5,,inf
67.5,-3.5,,inf
67.5,-2.5,,inf
67.5,-1.5,,inf
67.5,-0.5,,inf
67.5,0.5,,inf
67.5,1.5,,inf
67.5,2.5,,inf
67.5,3.5,,inf
67.5,4.5,,inf
67.5,5.5,,inf
67.5,6.5,,inf
67.5,7.5,,inf
67.5,8.5,,inf
67.5,9.5,,inf
67.5,10.5,,inf
67.5,11.5,,inf
67.5,12.5,,inf
67.5,13.5,,inf
67.5,14.5,,inf
67.5,15.5,BAUpTHININT,-31862380666.666668
67.5,16.5,BAUpN,-5846291133.333333
67.5,17.5,BAUpTHININT,-8026925333.333333
67.5,18.5,BAUpRESIDUAL,-13129059666.666666
67.5,19.5,BAUpDIACUT,-28356319333.333332
67.5,20.5,BAUpRESIDUAL,-29941984666.666668
67.5,21.5,BAUpRESIDUAL,-43343397000.0
67.5,22.5,BAUpDIACUT,-59794697000.0
67.5,23.5,FM5nDIACUT,-45192836000.0
67.5,24.5,FM5pDIACUT,-41944642333.333336
67.5,25.5,FM5nDIACUT,-29803119666.666668
67.5,26.5,BAUpN,-36029921000.0
67.5,27.5,FM5pN,-35227263333.333336
67.5,28.5,FM5nDIACUT,-42007077666.666664
67.5,29.5,BAUpDIACUT,-51186531666.666664
67.5,30.5,BAUpN,-4534148633.333333
67.5,31.5,BAU,0.0
67.5,32.5,BAUpDIACUT,-46368014333.333336
68.5,-9.5,,inf
68.5,-8.5,,inf
68.5,-7.5,,inf
68.5,-6.5,,inf
68.5,-5.5,,inf
68.5,-4.5,,inf
68.5,-3.5,,inf
68.5,-2.5,,inf
68.5,-1.5,,inf
68.5,-0.5,,inf
68.5,0.5,,inf
68.5,1.5,,inf
68.5,2.5,,inf
68.5,3.5,,inf
68.5,4.5,,inf
68.5,5.5,,inf
68.5,6.5,,inf
68.5,7.5,,inf
68.5,8.5,,inf
68.5,9.5,,inf
68.5,10.5,,inf
68.5,11.5,,inf
68.5,12.5,,inf
68.5,13.5,,inf
68.5,14.5,,inf
68.5,15.5,BAUpRESIDUAL,-29781926000.0
68.5,16.5,BAUnDIACUT,-30782593000.0
68.5,17.5,BAUpRESIDUAL,-12925154333.333334
68.5,18.5,BAUpN,-5242020600.0
68.5,19.5,BAU,-9339998000.0
68.5,20.5,BAUnDIACUT,-18096898000.0
68.5,21.5,BAUpRESIDUAL,-19043278333.333332
68.5,22.5,BAUpRESIDUAL,-23648924333.333332
68.5,23.5,BAUpRESIDUAL,-24774806000.0
68.5,24.5,FM5nDIACUT,-9706311000.0
68.5,25.5,BAUpN,-35614097666.666664
68.5,26.5,FM5pN,-39944559333.333336
68.5,27.5,FM5pN,-45839578333.333336
68.5,28.5,FM5nDIACUT,-26934867666.666668
68.5,29.5,BAU,0.0
68.5,30.5,BAU,0.0
68.5,31.5,BAU,0.0
68.5,32.5,BAU,0.0
69.5,-9.5,,inf
69.5,-8.5,,inf
69.5,-7.5,,inf
69.5,-6.5,,inf
69.5,-5.5,,inf
69.5,-4.5,,inf
69.5,-3.5,,inf
69.5,-2.5,,inf
69.5,-1.5,,inf
69.5,-0.5,,inf
69.5,0.5,,inf
69.5,1.5,,inf
69.5,2.5,,inf
69.5,3.5,,inf
69.5,4.5,,inf
69.5,5.5,,inf
69.5,6.5,,inf
69.5,7.5,,inf
69.5,8.5,,inf
69.5,9.5,,inf
69.5,10.5,,inf
69.5,11.5,,inf
69.5,12.5,,inf
69.5,13.5,,inf
69.5,14.5,,inf
69.5,15.5,,inf
69.5,16.5,,inf
69.5,17.5,,inf
69.5,18.5,BAUnDIACUT,-21929510000.0
69.5,19.5,BAUppRESIDUAL,-19864274333.333332
69.5,20.5,BAUpN,-5386951000.0
69.5,21.5,FM5pRESIDUAL,-549020973.3333334
69.5,22.5,BAU,0.0
69.5,23.5,BAU,0.0
69.5,24.5,BAU,0.0
69.5,25.5,BAU,0.0
69.5,26.5,BAUppRESIDUAL,-22747882000.0
69.5,27.5,BAUpTHININT,-27570473000.0
69.5,28.5,FM5nDIACUT,-23905388000.0
69.5,29.5,BAU,0.0
69.5,30.5,BAU,0.0
69.5,31.5,BAU,0.0
69.5,32.5,BAU,0.0
70.5,-9.5,,inf
70.5,-8.5,,inf
70.5,-7.5,,inf
70.5,-6.5,,inf
70.5,-5.5,,inf
70.5,-4.5,,inf
70.5,-3.5,,inf
70.5,-2.5,,inf
70.5,-1.5,,inf
70.5,-0.5,,inf
70.5,0.5,,inf
70.5,1.5,,inf
70.5,2.5,,inf
70.5,3.5,,inf
70.5,4.5,,inf
70.5,5.5,,inf
70.5,6.5,,inf
70.5,7.5,,inf
70.5,8.5,,inf
70.5,9.5,,inf
70.5,10.5,,inf
70.5,11.5,,inf
70.5,12.5,,inf
70.5,13.5,,inf
70.5,14.5,,inf
70.5,15.5,,inf
70.5,16.5,,inf
70.5,17.5,,inf
70.5,18.5,,inf
70.5,19.5,,inf
70.5,20.5,,inf
70.5,21.5,,inf
70.5,22.5,,inf
70.5,23.5,BAUpDIACUT,-18120470000.0
70.5,24.5,FM5pDIACUT,-14532128000.0
70.5,25.5,FM5nDIACUT,-16150677333.333334
70.5,26.5,BAUpN,-14147855333.333334
70.5,27.5,BAU,0.0
70.5,28.5,BAUpDIACUT,-2628111800.0
70.5,29.5,BAU,0.0
70.5,30.5,,inf
70.5,31.5,,inf
70.5,32.5,,inf
